Id,Predicted
test/1.jpg,192000 729600
test/2.jpg,192000 729600
test/3.jpg,192000 729600
test/4.jpg,192000 729600
test/5.jpg,192000 729600
test/6.jpg,192000 729600
test/7.jpg,192000 729600
test/8.jpg,192000 729600
test/9.jpg,192000 729600
test/10.jpg,192000 729600
test/11.jpg,192000 729600
test/12.jpg,192000 729600
test/13.jpg,192000 729600
test/14.jpg,192000 729600
test/15.jpg,192000 729600
test/16.jpg,192000 729600
test/17.jpg,192000 729600
test/18.jpg,192000 729600
test/19.jpg,192000 729600
test/20.jpg,192000 729600
test/21.jpg,192000 729600
test/22.jpg,192000 729600
test/23.jpg,192000 729600
test/24.jpg,192000 729600
test/25.jpg,192000 729600
test/26.jpg,192000 729600
test/27.jpg,192000 729600
test/28.jpg,192000 729600
test/29.jpg,192000 729600
test/30.jpg,192000 729600
test/31.jpg,192000 729600
test/32.jpg,192000 729600
test/33.jpg,192000 729600
test/34.jpg,192000 729600
test/35.jpg,192000 729600
test/36.jpg,192000 729600
test/37.jpg,192000 729600
test/38.jpg,192000 729600
test/39.jpg,192000 729600
test/40.jpg,192000 729600
test/41.jpg,192000 729600
test/42.jpg,192000 729600
test/43.jpg,192000 729600
test/44.jpg,192000 729600
test/45.jpg,192000 729600
test/46.jpg,192000 729600
test/47.jpg,192000 729600
test/48.jpg,192000 729600
test/49.jpg,192000 729600
test/50.jpg,192000 729600
test/51.jpg,192000 729600
test/52.jpg,192000 729600
test/53.jpg,192000 729600
test/54.jpg,192000 729600
test/55.jpg,192000 729600
test/56.jpg,192000 729600
test/57.jpg,192000 729600
test/58.jpg,192000 729600
test/59.jpg,192000 729600
test/60.jpg,192000 729600
test/61.jpg,192000 729600
test/62.jpg,192000 729600
test/63.jpg,192000 729600
test/64.jpg,192000 729600
test/65.jpg,192000 729600
test/66.jpg,192000 729600
test/67.jpg,192000 729600
test/68.jpg,192000 729600
test/69.jpg,192000 729600
test/70.jpg,192000 729600
test/71.jpg,192000 729600
test/72.jpg,192000 729600
test/73.jpg,192000 729600
test/74.jpg,192000 729600
test/75.jpg,192000 729600
test/76.jpg,192000 729600
test/77.jpg,192000 729600
test/78.jpg,192000 729600
test/79.jpg,192000 729600
test/80.jpg,192000 729600
test/81.jpg,192000 729600
test/82.jpg,192000 729600
test/83.jpg,192000 729600
test/84.jpg,192000 729600
test/85.jpg,192000 729600
test/86.jpg,192000 729600
test/87.jpg,192000 729600
test/88.jpg,192000 729600
test/89.jpg,192000 729600
test/90.jpg,192000 729600
test/91.jpg,192000 729600
test/92.jpg,192000 729600
test/93.jpg,192000 729600
test/94.jpg,192000 729600
test/95.jpg,192000 729600
test/96.jpg,192000 729600
test/97.jpg,192000 729600
test/98.jpg,192000 729600
test/99.jpg,192000 729600
test/100.jpg,192000 729600
test/101.jpg,192000 729600
test/102.jpg,192000 729600
test/103.jpg,192000 729600
test/104.jpg,192000 729600
test/105.jpg,192000 729600
test/106.jpg,192000 729600
test/107.jpg,192000 729600
test/108.jpg,192000 729600
test/109.jpg,192000 729600
test/110.jpg,192000 729600
test/111.jpg,192000 729600
test/112.jpg,192000 729600
test/113.jpg,192000 729600
test/114.jpg,192000 729600
test/115.jpg,192000 729600
test/116.jpg,192000 729600
test/117.jpg,192000 729600
test/118.jpg,192000 729600
test/119.jpg,192000 729600
test/120.jpg,192000 729600
test/121.jpg,192000 729600
test/122.jpg,192000 729600
test/123.jpg,192000 729600
test/124.jpg,192000 729600
test/125.jpg,192000 729600
test/126.jpg,192000 729600
test/127.jpg,192000 729600
test/128.jpg,192000 729600
test/129.jpg,192000 729600
test/130.jpg,192000 729600
test/131.jpg,192000 729600
test/132.jpg,192000 729600
test/133.jpg,192000 729600
test/134.jpg,192000 729600
test/135.jpg,192000 729600
test/136.jpg,192000 729600
test/137.jpg,192000 729600
test/138.jpg,192000 729600
test/139.jpg,192000 729600
test/140.jpg,192000 729600
test/141.jpg,192000 729600
test/142.jpg,192000 729600
test/143.jpg,192000 729600
test/144.jpg,192000 729600
test/145.jpg,192000 729600
test/146.jpg,192000 729600
test/147.jpg,192000 729600
test/148.jpg,192000 729600
test/149.jpg,192000 729600
test/150.jpg,192000 729600
test/151.jpg,192000 729600
test/152.jpg,192000 729600
test/153.jpg,192000 729600
test/154.jpg,192000 729600
test/155.jpg,192000 729600
test/156.jpg,192000 729600
test/157.jpg,192000 729600
test/158.jpg,192000 729600
test/159.jpg,192000 729600
test/160.jpg,192000 729600
test/161.jpg,192000 729600
test/162.jpg,192000 729600
test/163.jpg,192000 729600
test/164.jpg,192000 729600
test/165.jpg,192000 729600
test/166.jpg,192000 729600
test/167.jpg,192000 729600
test/168.jpg,192000 729600
test/169.jpg,192000 729600
test/170.jpg,192000 729600
test/171.jpg,192000 729600
test/172.jpg,192000 729600
test/173.jpg,192000 729600
test/174.jpg,192000 729600
test/175.jpg,192000 729600
test/176.jpg,192000 729600
test/177.jpg,192000 729600
test/178.jpg,192000 729600
test/179.jpg,192000 729600
test/180.jpg,192000 729600
test/181.jpg,192000 729600
test/182.jpg,192000 729600
test/183.jpg,192000 729600
test/184.jpg,192000 729600
test/185.jpg,192000 729600
test/186.jpg,192000 729600
test/187.jpg,192000 729600
test/188.jpg,192000 729600
test/189.jpg,192000 729600
test/190.jpg,192000 729600
test/191.jpg,192000 729600
test/192.jpg,192000 729600
test/193.jpg,192000 729600
test/194.jpg,192000 729600
test/195.jpg,192000 729600
test/196.jpg,192000 729600
test/197.jpg,192000 729600
test/198.jpg,192000 729600
test/199.jpg,192000 729600
test/200.jpg,192000 729600
test/201.jpg,192000 729600
test/202.jpg,192000 729600
